label,couleur,code html,ligne,colonne
Roi,Blanc,&#9812;,1,5
Dame,Blanc,&#9813;,1,4
Tour,Blanc,&#9814;,1,1
Tour,Blanc,&#9814;,1,8
Fou,Blanc,&#9815;,1,3
Fou,Blanc,&#9815;,1,6
Cavalier,Blanc,&#9816;,1,2
Cavalier,Blanc,&#9816;,1,7
Pion,Blanc,&#9817;,2,1
Pion,Blanc,&#9817;,2,2
Pion,Blanc,&#9817;,2,3
Pion,Blanc,&#9817;,2,4
Pion,Blanc,&#9817;,2,5
Pion,Blanc,&#9817;,2,6
Pion,Blanc,&#9817;,2,7
Pion,Blanc,&#9817;,2,8
Roi,Noir,&#9818;,8,5
Dame,Noir,&#9819;,8,4
Tour,Noir,&#9820;,8,1
Tour,Noir,&#9820;,8,8
Fou,Noir,&#9821;,8,3
Fou,Noir,&#9821;,8,6
Cavalier,Noir,&#9822;,8,2
Cavalier,Noir,&#9822;,8,7
Pion,Noir,&#9823;,7,1
Pion,Noir,&#9823;,7,2
Pion,Noir,&#9823;,7,3
Pion,Noir,&#9823;,7,4
Pion,Noir,&#9823;,7,5
Pion,Noir,&#9823;,7,6
Pion,Noir,&#9823;,7,7
Pion,Noir,&#9823;,7,8